Density,Minimum job share,Jobs in clusters 2010,% of jobs in clusters 2010,Jobs in clusters 2015,% of jobs in clusters 2015
Top 10 percent,0.25,34616226,28.06455665266353,37861510,27.4946410281691
Top 10 percent,0.5,29130415,23.617022320200345,31299281,22.72921749647052
Top 10 percent,0.75,24976573,20.249360746254844,26652929,19.355084232094228
Top 20 percent,0.25,46612748,37.790546750599816,50924426,36.98079692108321
Top 20 percent,0.5,38109041,30.896301061911753,40932301,29.724618021097598
Top 20 percent,0.75,32537142,26.378972247718686,34491519,25.047388057720728
Top 5 percent,0.25,24199797,19.61960191412712,26430060,19.193239045483683
Top 5 percent,0.5,21021320,17.042702056941994,22416813,16.278860151921947
Top 5 percent,0.75,18159539,14.72255846295182,19188331,13.934369568849444
